window,cost_bps,strategy,CAGR,Volatility,Sharpe,Max Drawdown,Avg Monthly Turnover,Total Costs
252,0,Equal Weight,0.119684,0.165650,0.641196,-0.366896,0.025919,0.000000
252,0,Min Variance,0.085469,0.141547,0.504677,-0.332083,0.135681,0.000000
252,0,Max Sharpe,0.115071,0.193900,0.552614,-0.339107,0.554024,0.000000
252,0,Risk Parity,0.115185,0.157693,0.639784,-0.356211,0.032156,0.000000
252,0,Min Var (Shrinkage),0.091605,0.141434,0.544831,-0.330611,0.129002,0.000000
252,10,Equal Weight,0.119337,0.165652,0.639318,-0.366910,0.025919,0.003603
252,10,Min Variance,0.083708,0.141570,0.493144,-0.332245,0.135681,0.018860
252,10,Max Sharpe,0.107710,0.193926,0.518398,-0.339119,0.554024,0.077009
252,10,Risk Parity,0.114756,0.157697,0.637331,-0.356240,0.032156,0.004470
252,10,Min Var (Shrinkage),0.089920,0.141456,0.533849,-0.330774,0.129002,0.017931
252,25,Equal Weight,0.118817,0.165655,0.636501,-0.366931,0.025919,0.009007
252,25,Min Variance,0.081070,0.141609,0.475835,-0.332489,0.135681,0.047149
252,25,Max Sharpe,0.096747,0.194020,0.466961,-0.339139,0.554024,0.192524
252,25,Risk Parity,0.114113,0.157703,0.633651,-0.356284,0.032156,0.011174
252,25,Min Var (Shrinkage),0.087398,0.141493,0.517367,-0.331019,0.129002,0.044828
756,0,Equal Weight,0.119684,0.165650,0.641196,-0.366896,0.025919,0.000000
756,0,Min Variance,0.082095,0.143592,0.477898,-0.343698,0.058294,0.000000
756,0,Max Sharpe,0.104304,0.196525,0.498419,-0.332737,0.329375,0.000000
756,0,Risk Parity,0.114627,0.159184,0.632135,-0.358533,0.026834,0.000000
756,0,Min Var (Shrinkage),0.083183,0.143722,0.484586,-0.343206,0.057382,0.000000
756,10,Equal Weight,0.119337,0.165652,0.639318,-0.366910,0.025919,0.003603
756,10,Min Variance,0.081338,0.143610,0.472987,-0.343744,0.058294,0.008103
756,10,Max Sharpe,0.099962,0.196547,0.478337,-0.332791,0.329375,0.045783
756,10,Risk Parity,0.114269,0.159187,0.630108,-0.358545,0.026834,0.003730
756,10,Min Var (Shrinkage),0.082438,0.143738,0.479762,-0.343253,0.057382,0.007976
756,25,Equal Weight,0.118817,0.165655,0.636501,-0.366931,0.025919,0.009007
756,25,Min Variance,0.080205,0.143639,0.465617,-0.343811,0.058294,0.020257
756,25,Max Sharpe,0.093477,0.196598,0.448181,-0.332873,0.329375,0.114458
756,25,Risk Parity,0.113732,0.159192,0.627068,-0.358563,0.026834,0.009325
756,25,Min Var (Shrinkage),0.081322,0.143763,0.472523,-0.343323,0.057382,0.019940
1260,0,Equal Weight,0.119684,0.165650,0.641196,-0.366896,0.025919,0.000000
1260,0,Min Variance,0.086779,0.143029,0.509367,-0.318468,0.038302,0.000000
1260,0,Max Sharpe,0.136855,0.200147,0.638253,-0.332628,0.209758,0.000000
1260,0,Risk Parity,0.115420,0.159172,0.636643,-0.357407,0.025716,0.000000
1260,0,Min Var (Shrinkage),0.086818,0.143143,0.509321,-0.318989,0.038318,0.000000
1260,10,Equal Weight,0.119337,0.165652,0.639318,-0.366910,0.025919,0.003603
1260,10,Min Variance,0.086280,0.143043,0.506117,-0.318518,0.038302,0.005324
1260,10,Max Sharpe,0.134011,0.200144,0.625737,-0.332765,0.209758,0.029156
1260,10,Risk Parity,0.115077,0.159174,0.634703,-0.357420,0.025716,0.003575
1260,10,Min Var (Shrinkage),0.086319,0.143155,0.506079,-0.319037,0.038318,0.005326
1260,25,Equal Weight,0.118817,0.165655,0.636501,-0.366931,0.025919,0.009007
1260,25,Min Variance,0.085531,0.143065,0.501240,-0.318593,0.038302,0.013310
1260,25,Max Sharpe,0.129756,0.200147,0.606939,-0.332971,0.209758,0.072891
1260,25,Risk Parity,0.114562,0.159178,0.631792,-0.357439,0.025716,0.008936
1260,25,Min Var (Shrinkage),0.085570,0.143174,0.501214,-0.319110,0.038318,0.013315
